site_id,name,long,lat,description,image,ebird_id,ebird_hotspot,num_species,car_birding,park_fee,,unit_of_measure,length_of_trail,type_of_trail,parking_info,bathroom_info,ramp_info,trail_info,slope_info,trail_width_and_pullouts,step_info,bench_info,obstacle_info,railing_or_barrier_info,low_vision_info,shade_info,noise_info,bird_blind_info,maintenance_info,safety_info,other_info
1,Cherokee Marsh - North Unit,-89.3646425,43.16698948,"Cherokee Marsh Conservation Park, North Unit has trails that explore restored prairie, oak savanna, and woodland. Boardwalks with observation decks offer views of the upper Yahara River, deep marsh, and sedge meadow. Birdlife includes nesting sandhill cranes in the wetlands and bald eagle and osprey on the river. The wooded areas and woodland edges have scarlet tanager, indigo bunting, rose-breasted grosbeak and woodpeckers. Eastern bluebird and tree swallow nest in the prairie. In spring, American woodcock perform their ""sky dance"" over the wetlands. Wood-warblers use the area as a migration stop. This park is a major destination for local residents and environmental education groups.",,L2846310,"Cherokee Marsh Conservation Park--North Unit, Dane, Wisconsin, United States - eBird Hotspot",227,No,No,,mi,2.6,loop,gravel parking lot with handicap parking signs present. Spaces are not marked but the area is large and can accommodate vans. ,"Doorframes are at least 32"" across. Stall size is minimum 60"" x 60"". Very spacious handicap stall. There are no mirrors or hand dryers in the restroom, just two toilet stalls (one handicap), a sink, and a roll of paper towels on a chain by the door.",No ramps are present.,"The trails are crushed limestone, hard-packed dirt, or grass. The boardwalks are metal. There are wooden observation decks that require steps.","There is a trail loop that goes over a large hill that would not be accessible via a mobility device, but excluding this loop the trails are flat or a ratio of 1:20.","Trail is at least 60"" wide to allow to mobility devices to pass.",There are steps to access wooden overlooks. There are two overlooks that are on an elevated wooded platform that require one step. There are two much higher overlooks that require approximately 5-6 steps.,Benches are very infrequent though there are a few. There is a picnic table near the parking lot and restrooms.,The road closure gate is near the parking lot but there is access around it.,No railings or barriers are present.,No features available for visitors who are blind or have low vision.,"The wooded areas have ample shade, the marsh trails and boardwalks are mostly unshaded.","Very intermittently, large jets will fly over.",No bird blind present.,"Trails and adjacent vegetation are well maintained, but they do get very icy in the winter. In winter months, trails are not plowed (though the entrance road and parking lot are).","Unknown if there is lighting in the parking lot. While this hotspot is well-used, it is not usually packed and it is not uncommon to be the only vehicle in the parking lot especially if birding in the early morning or evening.",Water fountains are available.
2,Cherokee Marsh Conservation Park - South (Merganser Trail),-89.38270411,43.14860009,"The Merganser Trail at Cherokee Marsh Conservation Park, South Unit, offers a variety of habitats, including restored prairie, oak savanna, and woodlands. High ground along the trails provides sweeping views of the upper Yahara River, deep marshes, and sedge meadows, while three constructed ponds filter urban stormwater and serve as vital wildlife habitats. Sandhill cranes are frequently seen or heard, and the ponds often host wood ducks, great blue herons, green herons, and belted kingfishers. The wooded areas attract woodpeckers, nesting Baltimore orioles, blue-gray gnatcatchers, and a variety of wood-warblers. On the eastern section of the Merganser Trail, old dead trees create ideal perches for birdwatching, including sightings of the striking red-headed woodpecker.",,L2837539,"Cherokee Marsh Conservation Park--South Unit, Dane, Wisconsin, United States - eBird Hotspot",205,No,No,,mi,0.6,loop,"Open gravel parking area at the top of the trailhead, and another at the boat launch area (that can be reached by driving down the gravel road). There is parking available on streets nearby. No marked handicap spots available. ","There is a single al-gender bathroom in the parking lot. It is not a port-a-potty. Door is at least 32"" across. Dimensions of the sink and toilet unknown.",No ramps are present.,"The Merganser trail is primarily mowed grass with prairie on either side (80% of trail). There are some inclines and declines, and in wooded section near the end, some mud, possible protruding roots and rocks (~20%).","Most of the trail is flat, and level. There are some sloping hill sections that are a low gradient. Near the wooded section at the end, the slope is marginally steeper.","Some areas of the path are wider than others, and there are some small areas with more open space. At least 25% of the path is quite narrow, prior to circling the pond on the south side of the trail.",No steps are present.,No benches are available.,No known obstacles or obstructions are present.,No railings or barriers are present.,No features available for visitors who are blind or have low vision.,The wooded area near the end (last 20%) has partial shade.,"When the roads and neighborhood around the park are busy, traffic noise may be present.",No bird blind present.,Trails are mowed frequently and are plowed in the winter. Vegetation adjacent to trail is maintained. ,"Advise preparing for ticks and bugs (mosquitoes, biting flies, etc) at nearly all trails in the area, as they are a present concern during warmer weather months. Proximity to the neighborhood means some locals use the trails, and there are sidewalks and streets visible from parts of the trail that have typical neighborhood traffic (dog walking, biking, etc).",Access Ability Wisconsin has Outdoor Wheelchairs (OWCs) available for rental. Individuals can reserve a chair and trailer a minimum of 5-7 days in advance (must be picked up and brought to the location) through the reservation system on their site: https://locations.accessabilitywi.org/reservations
3,Nine Springs / Madison Metropolitan Sewerage District Wildlife Observation Area,-89.34909761,43.03141374,"The Nine Springs Wildlife Observation Area is a premier birding hotspot in the Madison area, offering exceptional opportunities to witness the seasonal migrations of waterfowl, shorebirds, and raptors. As part of the 140-acre Capital Springs State Park and Recreation Area, this site features trails that wind around lagoons, wetlands, and wooded edges, along with a wooden boardwalk leading to an accessible observation platform. The lagoons, part of an environmentally focused wastewater treatment facility, provide essential feeding and resting grounds for over 250 species of birds and wildlife. During spring and fall migration, the ponds teem with waterfowl, while cranes can often be seen roosting in the evening. Shorebirds, wading birds, and secretive species like rails frequent the area when water levels are low. Along the northern edge, where woods meet a creek, rusty blackbirds can reliably be found roosting with flocks of other blackbirds. The site's diverse habitats extend beyond the wetlands, with wooded and brushy areas attracting warblers, sparrows, and other songbirds, especially during migration. In summer, watch for ospreys nesting nearby on a cellphone tower.",,L199454,"Nine Springs Natural Area, Dane, Wisconsin, United States - eBird Hotspot",266,No,No,,mi,0.6,loop,Paved lot with bumps and potholes present. There is one designated handicap parking space in this lot which can accommodate a van. There are 18 parking spaces total.,No bathrooms available.,No ramps are present.,"There is a wooden boardwalk near the parking area and a paved, asphalt bike trail that leads to the entrance of the ponds. The trails around the retention ponds are a mix of crushed gravel, dirt, and grass. They are flat but occasionally have potholes and can be muddy after a rain. There are some stretches were the grass can get tall in the summer, but the main stretch on the front (south) side of the first, second, and third ponds is flat, packed gravel without a lot of vegetation and very easily navigable. There is only one small incline, found on a dirt path that connects the bike trail to the gravel trails around the pond. This short section of trail would pose the biggest challenge to a wheelchair user, as it has a slight incline and also mildly bumpy.",There is one small stretch of incline (maybe 20 ft) that connects the bike path to the pond trails. Otherwise the trails are flat.,"Trails are very wide, designed that a truck could drive on them.",No steps are present.,"There is a bench at the beginning of the wooden boardwalk, at the observation deck at the end of the wooden boardwalk, and near Pond 1. There is a picnic table near the parking lot.",No known obstacles or obstructions are present.,The railings are only present on the observation deck at the end of the boardwalk. We are unsure if they would obstruct vision.,No features available for visitors who are blind or have low vision.,A very small portion of the trails (near the bike path) have shade. The rest of the area is unshaded.,"There is a road directly adjacent to the western part of the trails, where traffic can be heard. Not necessarily noise related, but smell-related: this site is next to the Madison Metropolitan Sewerage District and there are some times when there is a smell from the treatment center.",No bird blind present.,Vegetation near trail is well-maintained.,"During the day, there is a lot of recreational activity near this area because of a busy and popular bike path that runs next to it. While on the trails around the ponds, though, it is not uncommon to be the only person out there. This is popular birding spot, but because of its size it can feel deserted at times. We have witnessed groups using the parking lot for social gatherings with loud music in the late evening; signs are posted that the area is monitored at night to discourage those gatherings. We are unsure of how well-lit this area is at night, but there are some streetlights in the lot.",A scope is helpful but not necessary.
4,Forest Hill Cemetery,-89.42957039,43.06684756,"Forest Hill Cemetery, one of Madison's historic gems, offers a tranquil and picturesque setting steeped in natural and cultural history. Designed as a rural cemetery, it reflects a 19th-century movement to create serene, park-like spaces for visitors to honor loved ones while enjoying the beauty of nature. The cemetery is built on the site of ancient Ho-Chunk effigy mounds, shaped like water spirits, geese, and other forms, adding a deep sense of connection to the land. With its mature trees, and quiet pathways, Forest Hill has become a seasonal haven for birdlife. In late fall and winter, it sometimes attracts northern finches, while the year-round habitat provides food and shelter for a variety of species. Its peaceful atmosphere makes Forest Hill Cemetary a unique destination for birdwatching and quiet reflection.",,L1407441,"Forest Hill Cemetery (Madison), Dane, Wisconsin, United States - eBird Hotspot",146,Yes,No,,mi,0.6,loop,No parking available.,No bathrooms available.,No ramps are present.,"All paved roadway for slow car travel or walking. There are areas of unevenness and potholes, lower grade slopes present throughout path.",Primarily slopes less than 5% grade with some higher grade slopes.,"Very wide paved trail, not really any pull-outs present.",No steps are present.,No benches are available.,No known obstacles or obstructions are present.,No railings or barriers are present.,No features available for visitors who are blind or have low vision.,"The area is populated by many tall, old growth trees which provide a reasonable amount of shade on certain parts of the path.",No information on noise is available.,No bird blind present.,Trail is plowed during the winter and leaves are removed throughout fall. Vegetation adjacent to trail is well maintained. Cracks and potholes are present on trail surface.,"Isolated, quiet spot, accessible only during daytime hours.",The cemetery office is open from 9am-3pm
5,Lake Farm County Park,-89.33232199,43.0267495,"Located just five miles south of downtown Madison, William G. Lunney Lake Farm County Park is a 345-acre gem within the Capital Springs Recreation Area. Established in 1973 and renamed in 2019 to honor William G. Lunney's 50 years of service in county government, the park features a wide range of amenities, including a campground, three reservable shelters, accessible fishing piers, a barrier-free boat launch, play equipment, hiking trails, and an observation tower. It also connects to the scenic Lower Yahara River Trail, which spans Lake Waubesa on North Americaï¿½s longest inland boardwalk bridge for non-motorized transit. The park's woodlands, prairies, and lakefront make it a favorite destination for birders year-round. In the winter, waterfowl and swans gather near the unfrozen waters along the western side of the boardwalk, offering excellent viewing opportunities. Spring brings warblers to the woodland trails, while osprey and bald eagles can be seen hunting in the area. For an ideal birding experience, visitors often explore the woodland trails along the lake, visit the westernmost section of the boardwalk, and loop back through the trails near the prairie.",,L201005,"Lake Farm County Park, Dane, Wisconsin, United States - eBird Hotspot",246,No,No,,mi,0.6,loop,"paved surface, regular accessible spots, van accesible spots, curb cuts present","pit toilets at nearby campground accessed via first parking lot, portable toilets by second parking lot, flush toilets near campground (measurements unknown)",No ramps are present.,Many trail surface types present. Starts as grass before transitioning to packed dirt. Some low-lying areas get muddy after rain. Some sections are more packed dirt or crushed limestone. The bike path that runs along the prairie and to the boardwalk is asphalt. The boardwalk is wooden planks (in very good condition).,"The trail slopes are generally very flat, but there is one section along the trail in the woods where there is a hill with a short and steep incline. This area could be avoided by using the asphalt bike path or by routing to the prairie trails that are not directly adjacent to the lake.",The trails here are very wide and can accommodate groups passing each other easily. The boardwalk has pullouts present near the westernmost side of the trail (closest to Lake Farm County Park),No steps are present.,Benches are infrequent but present. The trail from the first lot will pass two separate park shelters with benches and tables present. There are benches along the path but they don't seem evenly spaced. There are also benches whenever there is a pullout along the boardwalk.,No known obstacles or obstructions are present.,Railing is only present on the boardwalk (Lower Yahara River Trail) that connects Lake Farm to McDaniel Park. There are large slats in the bars (spacing unknown).,No features available for visitors who are blind or have low vision.,"When the trail goes through the woods, it is very shaded. The boardwalk and prairie sections are unshaded.","There are reservable park shelters near the path where family gatherings and such occur often during the summer. In the summer, there are lots of boats on the water, sometimes going fast or playing loud music.",No bird blind present.,Grassy trails are mowed frequently. Vegetation adjacted to trail is well managed.,location is well used and does not feel deserted. Parking area is well lit at night.,
6,Hoyt Park,-89.44156615,43.06830531,"Nestled quietly away from Madison's bustling traffic, Hoyt Park offers an escape with its mix of forest and restored prairie habitats. The park's network of paved and unpaved trails weaves through lush young and old-growth vegetation. Twelve restored historic stone fireplaces dot the landscape, along with striking exposed rock formations. The wooded areas are a magnet for warblers and thrushes, and in the fall and winter, owls can often be heard hooting through the quiet. While the park features a short wheelchair-accessible trail, the rest of its paths are more challenging for those with mobility difficulties, as the terrain is often uneven and sloped.",,L1178160,"Hoyt Park (Madison), Dane, Wisconsin, United States - eBird Hotspot",143,No,No,,mi,0.6,loop,"There is a large lot with designated handicap spaces (large enough for van access). If using/needing the park shelter (which is located on a hill), there is a paved road from the main lot to the shelter.","Restrooms at this location are usually closed in late fall through early spring. There are male and female restrooms, but we are unsure of the dimensions as the restrooms were closed during our visit in late October.",No ramps are present.,"There are multiple trail surface types throughout the park. There is a (short, less than .5 mile) paved asphalt wheelchair accessible trail that leads from the parking area. It is an out-and-back if using a wheelchair, though it does connect to a dirt trail for other users. The rest of the park trails are primarily packed dirt or crushed limestone or bare rock steps.","There are a range of slopes at Hoyt due to the unique nature of this park. The wheelchair accessible trail has a gentle slope, no more than 5% gradient, but the woodland trails can be heavily sloped in areas and often have steps.",The wheelchair accessible trail is very wide and allows for easy passing. The woodland trails (packed dirt) are narrower and usually require single file.,Rock steps present in 4-5 areas of park. None present on accessible trail.,Benches are infrequent but can be found as picnic tables near the many stone fireplaces that are scattered throughout the park.,No known obstacles or obstructions are present.,No railings or barriers are present.,No features available for visitors who are blind or have low vision.,Hoyt Park is heavily wooded and most of the trail is very shaded. There is a large lawn near the main parking lot that is unshaded.,"This is a quiet park in a quiet residential neighborhood. If the shelter is in use for an event, there may be noise.",No bird blind present.,Trails are well maintained. Grassy sections are mowed. Trail is plowed during Winter and leaves are removed throughout Fall. Vegetation adjacent to trail is well maintained. Cracks and potholes are present on trail.,No safety information is available.,"There is an overlook off of Owen Parkway (called Sunset Overlook on the linked map above) where there is a pullout for car parking and nice views of the prairie, woods, and city skyline. It's a good spot to park and listen for owls at night."
7,Tenney Park Pier,-89.37079026,43.09495833,"Located along the shores of Lake Mendota in Madison, WI, Tenney Park Pier provides a retreat for those seeking serene waterfront views and a peaceful atmosphere. This spot is popular for picnics, fishing, and leisurely strolls, offering visitors the opportunity to relax by the water's edge and take in the beauty of the lake and its surrounding greenery. For birders, Tenney Park Pier is an excellent location to view migrating waterfowl and gulls. Its convenient location and calm environment make it an ideal spot for appreciating the seasonal movements of birds across the lake.",,L356316,"Tenney Park, Dane, Wisconsin, United States - eBird Hotspot",201,No,No,,mi,0.6,out and back,"There is paved parking across Sherman Ave at Tenney Park, which includes several regular parking spots in addition to some van accessible parking spots.",There are bathrooms on site at the Tenney Park Lock and Dam. There are also bathrooms at the Tenney Park Shelter and near the Tenney Park Beach. The restrooms may be closed seasonally.,No ramps are present.,The path is entirely paved concrete and in generally good condition.,Trail is completely flat.,"Trail is at least 36"" wide.",No steps are present.,"Several benches are available and well spaced along the pier, and near the lakefront area. Nearly all benches have backs and armrests.",No known obstacles or obstructions are present.,No railings or barriers are present.,No features available for visitors who are blind or have low vision.,There are no trees or shaded areas along the pier.,Traffic along Sherman Ave or Johnson St is audible from this location. Some boat noise may also be present seasonally.,No bird blind present.,Grassy trails are mowed frequently. Trail is plowed in the Winter and leaves are removed throughout Fall. Vegetation adjacted to trail is well managed.,No safety information is available.,Water fountains present. Access Ability Wisconsin has outdoor wheelchairs available for reservation: https://www.accessabilitywi.org/
8,Lakeshore Nature Preserve,-89.42872845,43.08445263,"Spanning 300 acres along the south shore of Lake Mendota on the University of Wisconsin-Madison campus, the Lakeshore Nature Preserve connects the campus to the lake. Representing about one-third of the university's main campus acreage, the preserve boasts 4.3 miles of Lake Mendota shoreline, including the famed Lakeshore Path. This trail stretches from the Memorial Union to Wally Bauman Woods, passing through iconic spots like Picnic Point, a mile long peninsula that juts into the lake. With 12 miles of trails weaving through a mix of woods, prairie, and wetland, the preserve is one of Madison's best birding destinations. Its location along Lake Mendota serves as a critical stopover for migrating birds, making it especially popular during spring and fall. Notable hotspots include Biocore Prairie, Bill's Woods, Frautschi Point, and the Class of 1918 Marsh. For accessibility, the 1-mile out-and-back trail to the tip of Picnic Point is an excellent option for visitors with mobility concerns.",,L4081898,"UW Lakeshore Nature Preserve (general), Dane, Wisconsin, United States - eBird Hotspot",242,No,Yes,,mi,0.6,loop,There are several van accessible parking spaces (unsure how many) in this very large lot. The lot is paved with marked spaces and has digital parking payment stations for times when payment is required (Mon-Fri 7:30am-4pm). There is a bus-stop located at the entrance to the lot.,There are very rustic bathrooms located at the Narrows on the Picnic Point trail. They are not equipped with running water. They are open year-round.,No ramps are present.,"There are multiple types of trail surfaces depending on which route of the 12-miles of available trail you take. The surfaces are very well maintained, but may get muddy due to being dirt. The 1-mile long trail to Picnic Point is considered accessible - it is crushed limestone/dirt and smooth at an even elevation.","This varies by trail. The Picnic Point trail is flat with a few areas of very gentle slopes. The trails through Bill's Woods are sloped, often steeper than 5% gradient. The Biocore Prairie trials are mostly flat with gentle slopes.","Most of the main trails are at least 60"" wide and allow two mobility devices to pass, but there are some trails where this is not possible. The Picnic Point trail has multiple pullouts and viewing areas with benches that happen frequently, but pull outs are less frequent on other trails.",No steps are present.,"Benches are very frequent along the Picnic Point trail, but less frequent or absent on other trails.","There is a wooden fence that one must move through to access the Picnic Point Trail. We believe it is at least 36"" wide as this trail is advertised as ""accessible"" but we have not measured it. There is a chain that runs across the asphalt path leading into Bill's Woods, but it can be unhitched to move around. There are other paths into Bill's Woods with no obstruction.",No railings or barriers are present.,No features available for visitors who are blind or have low vision.,"The Biocore Prairie trails are unshaded, the rest of the Preserve is wooded and mostly shaded.","Because of it's proximity to campus, there is often noise from large groups who may be gathering for events or from folks using the fire circles as gathering areas. The Marching Band plays nearby and the sound of their instruments carries over the water, so one can often hear them during the school year.",No bird blind present.,This is a very well-maintained preserve. Grassy areas are mowed when neccesary. Lot is plowed in the winter. Leaves are managed throughout fall. Vegetation adjacent to trail is well maintained. ,"The parking area is well-lit, but the trails are not lit at night. Campus security and parking enforcement frequent the lot (don't try and get away without paying for parking - it will be a $30+ ticket and they check the lot frequently.) There is an emergency callbox located at the entrance to Picnic Point and the entrance to Frautschi Point.",There is one drinking fountain located near the Narrows on the Picnic Point trail. There is an extensive Audio Trail with signage and QR codes that provides interpretive material and history of the Lakeshore Nature Preserve. More details and a map of the Audio Trail markers here: https://lakeshorepreserve.wisc.edu/preserve-audio-trail-class-of-1918-marsh-audio-field-trip/
9,Aldo Leopold Nature Center,-89.32097402,43.05445502,"Found in Monona, the Aldo Leopold Nature Center (ALNC) offers a mix of oak savanna, wetland, prairie, and woodland ecosystems. Located on Femrite Drive, near Woodland Park and Edna Taylor Conservancy, this neighborhood nature center invites visitors to explore its diverse habitats through a network of short, accessible trails. The ALNC is a great birding spot with a variety of highlights. Sandhill cranes nest in the marsh, while green and blue herons can often be spotted near the water. Red-tailed hawks are known to nest in the area, and the basswood forests on the property's edge are busy with warblers, vireos, woodpeckers, and thrushes during migration seasons. In winter, the trails transform into a snowshoeing destination, and in spring and summer, the prairie bursts with colorful wildflowers. Visitors can extend their outing by exploring nearby Edna Taylor Conservation Park or Woodland Park, both easily accessible from the ALNC and equally rich in birding opportunities. The best times to visit for birding are outside of school hours, providing a quieter experience and more parking availability. ",,L4420704,"Aldo Leopold Nature Center, Dane, Wisconsin, United States - eBird Hotspot",161,No,No,,mi,0.6,loop,"There is one van-accessible handicap parking space in front of the main ALNC building, next to a EV charging station. There are several additional, standard lined spaces. Additional parking available in the lot marked for drop-offs (outside of Nature Center hours) and an additional paved lot with standard spaces for Woodland Park, a city park, which is on the opposite (left) side of the road as you drive in.",Bathrooms are only available when the Nature Center building is open.,"There are occasional ramps on the trails and their accessibility varies. Most are at a perfect slope, but there is a bridge near the marsh with ramp entrances that feel steep and may not be wheelchair accessible without assistance.","Trails are well-maintained and a mix of asphalt, concrete, hard-packed soil, thick grass, and wooden boardwalks. Boardwalk section does have a few rotted wooden planks.  Trails near the play area are packed dirt and may be muddy after a rain. ","The trails are primarily flat, with one area near the woods where there is a very gentle slope.","Trail width varies depending on what habitat of the site you are in. While walking in the basswoods or prairie, the trail is wide and allows for passing. But on the boardwalk and marsh section, passing would be more difficult (though the trails are still at least 36in).",There are no steps on the trails or to the main entrance to the Nature Center. There are steps to access the deck of the Nature Center (which is closed right now) and these can avoided.,"Benches are clustered in a few areas in a ""classroom style"" rather than dispersed along the trails, but there are at least three areas where benches can be found. They are on grass and/or dirt, not connected to paved areas. There are benches near the entrance and also picnic tables on an large open lawn that borders the prairie.",No known obstacles or obstructions are present.,"There are two bridges with railings. One is a flat bridge over the marsh, with a metal railing on one side; the other side is exposed with no railing or lip. The other bridge on the other end of the marsh has ramps on either side, with tall side railings and the view is mildly obstructed with netting and wooden bars. The slope on the ramps of this bridge feels steep, but it could be avoided by taking another route around the marsh. ",No features available for visitors who are blind or have low vision.,"The prairie and marsh trails are unshaded, but the woodland stretches of the trail have partial shade.","During school hours, children and ALNC staff are present and may be playing outside, so you can expect the sound of children playing if visiting during the day. This is also a popular venue for weddings or gatherings in the spring/summer. On weekends or outside of school hours, it is fairly quiet with no strong traffic or industrial noises.",No bird blind present.,Grassy areas are mowed frequently. Trails are plowed in Winter and leaves are removed throughout Fall. Vegetation adjacent to trail is well maintained.,"This is an active nature center with programs offered for youth, so during the day the trails may be busy with classrooms/children exploring the grounds. Outside of school hours, the trails are not busy and you will often see a few other trail users at a time. The trails are not lit at night, but there are lamps near the parking lot and building. There are some apartment buildings and other buildings that you drive by to reach the nature center, and we cannot confirm how well those places are lit but we expect they have similar outdoor lighting.",ALNC-led programs are often available for the public to join.
10,Lewis Park Observation Deck,-89.29497176,43.00452558,"Located on the southern edge of McFarland, Lewis Park offers views of Lower Mud Lake from its accessible observation deck. This peaceful spot is perfect for birdwatchers, featuring two ADA-accessible telescopes on the platform that are free to use year-round. Visitors can enjoy the scenery and wildlife from a short, paved trail with curb cuts and a gentle ramp that leads to the wide wooden viewing area. The park is particularly popular during spring and fall migration, as the Yahara River's flow often keeps the water near the platform open, even when the lake is iced over. Swans, geese, and a wide variety of waterfowl species can be spotted during these seasons. The nearby heated shelter includes an accessible restroom and covered outdoor tables, making it a comfortable spot to extend your visit.",,L2359195,"Lower Mud Lake--Lewis Park & Marsh Woods, Dane, Wisconsin, United States - eBird Hotspot",180,No,No,,mi,0.6,out and back,Paved lot with one van-accessible parking space. Curb cuts are present.,"There is a ""family"" toilet that is listed as wheelchair accessible. There are railings in the restroom and the heights of the toilet, sink, soap, and hand dryers all seem designed to be wheelchair accessible. The toilet is a single toilet in a large room. It is heated during the winter.",There is a very slight ramp from the asphalt path to the wooden boardwalk. It is approximately three feet in length and the slope is gentle.,The surface is very well maintained and in good condition. There is a concrete sidewalk near the parking lot (with curb cuts) that transitions to an asphalt path that leads to the wooden boardwalk. The trail from the parking lot to the boardwalk is less than 150 feet.,Trail is flat with some areas having light gradients no steeper than a ratio of 1:20.,"Trail is at least 36"" wide.",No steps are present.,"There are a number of picnic tables under an awning at the nearby shelter, which is directly adjacent to the parking lot. There are also some benches on the grass near the boardwalk, but they are not connected to the trail.",No known obstacles or obstructions are present.,"There are three horizontal bars on the railings, placed far enough apart to optimize viewing from a seated position. There are thin wooden vertical bars at approximately 5 ft intervals.",No features available for visitors who are blind or have low vision.,"There is no shade on the trail, but there is a covered area attached to the shelter with picnic tables underneath it.",There is a playground and soccer fields nearby so children may be heard playing.,No bird blind present.,Grassy areas are mowed frequently. Trails are plowed in Winter and leaves are removed throughout Fall. Vegetation adjacent to trail is well maintained.,"While there is no hunting allowed in Lewis Park, waterfowl hunting is allowed on Lower Mud Lake (the lake it overlooks) and during hunting season one may hear gunshots.",There is a dual ADA-accessible scope system set up on the viewing platform
11,"Prairie Lane, Faville Grove Sanctuary",-88.89903964,43.13916883,"Prairie Lane at Faville Grove Sanctuary is a haven for grassland birds. Encompassing over 300 acres of restored prairie and wetlands, along with 40 acres of savanna and open oak woodlands, this sanctuary is a remarkable example of land stewardship and ecological restoration. The site is a wonderful birding destination for grassland species. Bobolinks, Dickcissels, Sedge Wrens, and Swamp Sparrows are commonly seen here, while American Woodcock and Wilson's Snipe add excitement to the mix. A Bald Eagle nest along the nearby Crawfish River provides an additional highlight. Visitors will also find songbirds among the wild grasses, scattered trees, and ponds that dot the landscape. Prairie Lane can be enjoyed by car or on foot.",,L389534,"Faville Grove Sanctuary, Jefferson, Wisconsin, United States - eBird Hotspot",179,Yes,No,,mi,0.6,out and back,"3-4 van accessible spots in grassy parking lot marked with a ""Sanctuary Parking"" sign off of Prairie Lane. Sloped and uneven gravel to get out of parking area. Located next to a kiosk with information about Faville Grove Sanctuary.",No bathrooms available.,No ramps are present.,"Prairie Lane develops potholes after rains, but if walking or out of vehicle, these can usually be avoided. The entire road is gravel but dead-ends at a turn-around to the north. Please follow posted signs.",Prairie Lane is entirely flat except for one gentle slope at the Lake Mills Ledge.,"Prairie Lane is a public road, wide enough for two cars to pass.",No steps are present.,No benches are available.,No known obstacles or obstructions are present.,No railings or barriers are present.,No features available for visitors who are blind or have low vision.,"Several large oak trees in one spot, otherwise no shade.",Relatively quiet.,No bird blind present.,No maintenance information is available.,"High visibility clothing or flags are recommended.Ticks, chiggers, and biting insects are a concern. Site is used for hunting part of the year. Site borders private property with no tresspassing signs visible along trail.","Dawn to dusk, can contact Drew Harry (262-210-6409) with questions."
12,"Buddy's Prairie, Faville Grove Sanctuary",-88.91651745,43.12687835,"Buddy's Prairie is a remarkable showcase of ecological restoration. This site features prairie restorations in various stages of maturity, from recent plantings to well-established grasslands over 20 years old. A rich variety of habitats can be found here, including a shallow pond, open water marsh, tamarack bog complex, black oak savanna, and dry-mesic prairie, making it a great host to a variety of bird species. Birding highlights include waterfowl in the wetlands and ponds during spring and fall migrations. Sandhill Cranes are known to nest in the adjacent Faville Marsh to the east. In the prairie, visitors can enjoy the sights and sounds of Song Sparrows, Common Yellowthroats, and Eastern Meadowlarks, while the savanna areas are home to Baltimore Orioles, Warbling Vireos, and Eastern Kingbirds.",,L389534,"Faville Grove Sanctuary, Jefferson, Wisconsin, United States - eBird Hotspot",179,Yes,No,,mi,0.6,loop,"There is one spot available on the right (east) side of the gravel driveway that abuts a fence and an old farmstead. Please only park on the right side and do not block access to the left side. You may also park well off the road along Highway 89, though there is a slight slope when doing so.",No bathrooms available.,No ramps are present.,"Trail is mowed north to Faville Marsh all year. Trail is mowed along the edge of Buddy's Prairie from September through April. Trail is roughly mowed prairie, often with a mulch of grasses present.",Slightly undulating and uneven along the east side of the trail. Slopes no steeper than a ration of 1:20. ,"Trail is at least 36"" wide. No pull-outs or passing spaces along the trail.",Gate has a narrow passage on the left hand side (looking north).,No benches are available.,No known obstacles or obstructions are present.,No railings or barriers are present.,No features available for visitors who are blind or have low vision.,"One area contains a black oak savanna and offers shade, the rest is open prairie.",Nearby traffic noise.,No bird blind present.,"Driveway may not be maintained in winter, and frequent plowing along the Highway can throw snow. Vegetation on the trail can be thick, and the savanna trees are not trimmed and do have some lower protruding branches.","Site receives infrequent use, but is generally safe.",Please contact Drew Harry (faville@madisonaudubon.org) for more information.
13,Turville Point Conservation Park,-89.37625435,43.05192752,"Turville Point Conservation Park is a hidden treasure just a short walk from downtown Madison, bordering the scenic shores of Lake Monona. This park offers a blend of natural beauty with large red, bur, and white oaks providing a canopy over trails that wind through woodlands. In spring, wildflowers bloom beneath these towering trees, while a seven-acre prairie adds to the park's  habitat. This park is a favorite among birders, especially during migration seasons when a wide variety of bird species pass through or stop to rest. Spring is particularly rewarding, with warblers, vireos, orioles, thrushes, and flycatchers frequently spotted along the trails. Certain sections of the trail also offer excellent vantage points for observing waterfowl during specific times of the year. Adjacent Olin Park provides restrooms and parking",,L275314,"Olin Park/Turville Point Conservation Park, Dane, Wisconsin, United States - eBird Hotspot",216,No,No,,mi,0.6,loop,Large paved lot with ample parking spaces adjacent to the trailhead. None marked as accessible parking spaces. Bumps and potholes present.,No bathrooms available.,No ramps are present.,"Entry area includes some asphalt and paved trail for about 1/3 mile. This area has uneven blocks and asphalt with potholes. Aside from this area, the trails around the conservancy are primarily packed dirt or mowed grass which can be muddy depending on weather conditions. Wooded sections may be narrow with roots and rocks.","The trail is generally not flat. The slope is steeper than a 5% gradient from the trailhead into the conservancy. Once in the park, there are some trails that are flatter, but many areas include portions that require travelling uphill at steeper than 5% gradients.","Entry paved area and some areas of packed dirt are 3-4 ft wide. There are areas to pass where trails converge, but most of the trail appears too narrow. Some trail sections that wind through the wooded sections and along the lake are very narrow (<2 ft wide).",There is a significant curb surrounding the parking lot near the trailhead. Birders using wheelchairs or other mobility devices would have to move to one of the unpaved curb cuts with thick grass (which can be blocked by parked cars) or to the sideway/bike path off John Nolen Drive. There isn't any paved access between the paved lot and trailhead.,No benches are available.,No known obstacles or obstructions are present.,No railings or barriers are present.,No features available for visitors who are blind or have low vision.,"Much of the trail winds through wooded sections with tall trees and is very shaded for much of the year when leaves are on trees. Some trails in the park have fewer trees and are less shaded, including near the prairie.","Since the park is off of the busy John Nolen Drive and Beltline interchange, traffic noise is present during morning and evening commutes.",No bird blind present.,Grass sections are mowed frequently. Significant cracks and potholes are present. Vegetation adjacent to trail is well maintained.,"Ticks are always a concern in our area. Bug repellant is recommended in warmer seasons. On good weather days, the trails are busier. Early mornings, evenings, and cooler months tend to see smaller crowds.",Local organization Access Ability Wisconsin hosts outdoor wheelchairs and trailers to haul them available to reserve at https://www.accessabilitywi.org/
14,Orchid Heights Park and Conservancy Area,-89.47726909,43.11863824,"Orchid Heights Park and Conservancy Area is a 5-acre prairie preserve nestled along Valley Ridge Road, just south of Orchid Heights Park. This small but scenic area features an ADA-accessible shared-use trail, making it a welcoming destination for visitors of all abilities. The site includes a stormwater pond, which serves as a vital habitat for migratory waterfowl such as geese, ducks, and cranes. This park is an excellent starting point to explore the larger Pheasant Branch Conservancy, offering access to additional trails and habitats. Birders will appreciate the variety of species found here, particularly during migration. Waterfowl often gather at the retention pond, and Sandhill Cranes are frequently heard and seen in the surrounding area. Grassland birds are another highlight.",,L13974255,"Bird List - Pheasant Branch Conservancy--Orchid Heights Park, Dane, Wisconsin, United States - eBird Hotspot",91,No,No,,mi,0.6,loop,Paved lot. There are four van-accessible spaces with a wide aisle. Curb cuts are present right by those spaces.,Bathrooms seem to be accessible,No ramps are present.,The trails immediately surrounding Orchid Heights Park and Conservancy Area are paved asphalt and concrete.,"Some gentle slopes in the general area of the park, varies a bit more when continuing onto the trails into Pheasant Branch Conservancy.","Trail is at least 60"" wide to allow two mobility devices to pass.",No steps are present.,Benches are generally available throughout the park section of the trail.,No known obstacles or obstructions are present.,No railings or barriers are present.,No features available for visitors who are blind or have low vision.,Areas near the park are primarily not shaded and receive full sun. South of the park there is a small section that may be shaded by trees.,"Generally a quiet park, with some sound from plane flyovers. Since the shelter can be reserved and there are some ball fields nearby, the area may be busier during sporting events and parties.",No bird blind present.,Grassy areas are mowed frequently. Trails are plowed in Winter and leaves are removed throughout Fall. Vegetation adjacent to trail is well maintained.,"Overall, the Pheasant Branch Conservancy trail is very popular and busy especially during warmer weather and sporting events. Early times and cooler weather seem to be less busy.  Ticks are a concern in this area. Bug repellent is recommended.","Access Ability Wisconsin hosts an Outdoor Wheelchair onsite, which can be reserved for use at https://www.accessabilitywi.org/"
15,Pheasant Branch Creek Corridor,-89.50207235,43.10310928,"The Pheasant Branch Creek Corridor is a 1.37-mile paved, two-lane trail that connects the west junction of South Trail to an eastern entrance off Century Avenue. Fully ADA-accessible, the trail is ideal for hiking, biking, and birding, with benches thoughtfully placed along the way. Dogs are welcome but must remain leashed and on the path at all times. This corridor is a great spot for birding, particularly during spring migration, when it becomes a hotspot for warblers and other migratory species. The lush surroundings and serene creek create a peaceful environment, perfect for enjoying the sights and sounds of nature.",,L6528252,"Pheasant Branch Conservancy--Creek Corridor, Dane, Wisconsin, United States - eBird Hotspot",184,No,No,,mi,0.6,out and back,There is a small parking lot at nearby Parisi Park and on the street leading to the park. Few spots at the lot and parking fills up quickly on nice weather days. Curb cuts are present.,Nearby Parisi Park has public bathrooms and an accessible fountain from May 15-September 15 (open seasonally). ,No ramps are present.,"he trail surface is primarily worn asphalt and concrete throughout, with some areas being more similar to packed dirt or stone. Wooden bridges provide access over areas of the creek. There are many unmarked ""foot paths"" that are packed dirt or sand.",No slope information available.,"The trail is generally two lanes throughout. Some areas are on wider level ground that would allow for pullouts, but not necessarily marked. The ""foot paths"" mentioned above are much narrower.",No steps are present.,"Benches are scattered throughout the trail, not necessarily at regular intervals. Some can be accessed easily from the trail while others may have steep dropoffs nearby or require moving through vegetation to sit.",No known obstacles or obstructions are present.,No railings or barriers are present.,No features available for visitors who are blind or have low vision.,"The eastern section (Park St to Century Ave) is more reliably shaded with some tree coverage appearing throughout at regular intervals (every 100 yd or so). The western section (Park St to Parmenter St) is less shaded and often has bright sun. There are some ""foot paths"" on the western section near a shaded bridge, but terrain to reach it is loose soil/sandy.","Some traffic is audible on sections of the path that are close to Parmenter St, Park St, and Century Ave. There is construction happening near the section on Century Ave which may be loud during work hours. As a popular pathway, there may be many people so general noise is to be expected during daytime hours.",No bird blind present.,Grassy areas are mowed frequently. Trails are plowed in Winter and leaves are removed throughout Fall. Vegetation adjacent to trail is well maintained.,"Location is well ussed and does not feel deserted. Ticks are a concern in this area, so bug repellent is recommended.",Water fountain is operated seasonally (May 15-September 15)
16,Stricker's Pond,-89.50851601,43.08879979,"Stricker's Pond, located on Madison's west side, is a stunning natural feature created during the last glacial period roughly 10,000 years ago. As the glacier receded, a block of ice became buried in the earth and later melted, forming a ""kettle"" that filled with water to create this wetland. The pond, which lacks a natural outlet, has historically experienced fluctuating water levels, leading to a dynamic habitat that alternates between marsh-like shallows and open water. This ever-changing environment supports a diverse array of invertebrate and wildlife species. Stricker's Pond is a haven for waterfowl and waterbirds, especially during migration seasons. The narrow-wooded sections surrounding the pond provide excellent cover for warblers and other migratory birds in the spring. Also visit nearby Tiedman's pond to extend your outing.",,L300429,"Stricker's Pond, Dane, Wisconsin, United States - eBird Hotspot",210,Yes,No,,mi,0.6,loop,Parking is along Middleton St and other neighborhood streets where permitted.,No bathrooms available.,No ramps are present.,The the southeast section is paved and part of a bike path. The north sections of the trail are packed gravel or stone. The trail connecting the southern section to the northern section on the west side of the pond winds through the woods and is loose/packed dirt with roots and rocks sticking out in places.,Trail is generally level and even surrounding the pond.,"The bike path section (SE) is widest (two lanes). The packed gravel section (N) is at least 36"" wide. The narrow forest section is roughly 12-18"" wide.",No steps are present.,"Benches on the E, SE, N sides all contain benches regularly. Some benches require heading into grassy areas or paths closer to the pond a few yards off the trail. There is a bench or two in the wooded section.",No known obstacles or obstructions are present.,No railings or barriers are present.,No features available for visitors who are blind or have low vision.,"Trail mostly unshaded and in bright sun, narrow path through woods has small amount of patchy shade.",Generally quiet.,No bird blind present.,Trail is plowed during the winter.,This location is well used and does not feel deserted. Ticks are a concern in this area.,
17,Tiedeman's Pond,-89.50686681,43.09317586,"Tiedeman's Pond, a 25-acre glacial kettle pond and restored wetland, was once part of the George Tiedeman family farm. Today, it serves as a designated conservancy area, offering a peaceful retreat in the Middleton area. The site is easily accessible via an asphalt pedestrian and biking trail off South Avenue, which runs along the pond's western edge to Woodside Heights Park. A nature trail encircles the pond, featuring a 1,000-foot-long, six-foot-wide accessible boardwalk along the eastern shoreline. This shallow kettle pond is home to a rich variety of wildlife, including muskrat, garter snakes, snapping turtles, and amphibians like spring peepers and spotted salamanders. Birdlife is especially abundant, with blue-winged teal, great blue herons, wood ducks, green herons, mallards, Canada geese, cattle egrets, black-crowned night herons, and double-crested cormorants often spotted in the area. This shallow kettle pond is home to a rich variety of wildlife, including muskrat, garter snakes, snapping turtles, and amphibians like spring peepers and spotted salamanders. Birdlife is especially abundant, with blue-winged teal, great blue herons, wood ducks, green herons, mallards, Canada geese, cattle egrets, black-crowned night herons, and double-crested cormorants often spotted in the area. Visit nearby Stricker's Pond to extend your outing.",,L676860,"Tiedeman's Pond, Dane, Wisconsin, United States - eBird Hotspot",191,No,No,,mi,0.6,loop,"Parking is restricted to neighborhood streets where permitted (along Voss, Sweeney).",No bathrooms available.,No ramps are present.,"Trail generally well maintained, some older sections of the boardwalk are narrow and have some loose feeling boards. Most of the southern and eastern parts of the trail are boardwalk (1/3) and the rest is a mix of work asphalt and packed gravel.",Most of the slopes have lower gradients throughout the loop.,"The newer boardwalk is listed as ADA accessible, but it is probably not wide enough for two mobility devices to pass by one another (less than 5' wide). Other sections of the boardwalk that are older have some narrow sections that may not be fully accessible.",Some of the routes to the trail off of Voss are stairways (8-12 steps). The main public entrance off of South Ave is the most accessible path to enter the trail.,Benches are scattered throughout. There are few benches on the boardwalk section. There is the most seating around Woodside Heights Park.,No known obstacles or obstructions are present.,The boardwalk has a small lip. There is also a wooden viewing platform with two benches and a thick railing which could be difficult to view past while seated.,No features available for visitors who are blind or have low vision.,"There are some trees which provide minimal shading, but most of the pathway is full sun.",Generally quiet.,No bird blind present.,Vegetation near trail is well-maintained.,"Borders homes and condo associations that are marked private.  Ticks are a concern in this area, recommend bug repellent when visiting wooded areas.",There is a water fountain located at Woodside Heights Park along the trail.
18,"UW Arboretum, Ho Nee Um Pond Trail",-89.42791562,43.0560961,"The Ho-Nee-Um Pond Trail, located within the University of Wisconsin-Madison Arboretum, offers a trail through eight distinct ecosystems, including oak savanna, fen wetlands, and coldwater springs. Groundwater springs, historically significant to Native American communities, continue to feed Lake Wingra, connecting visitors to the region's hydrological and cultural heritage. Winding boardwalks and footpaths guide visitors through cottonwood bottomlands and shoreline habitats, creating excellent birding opportunities. Waterfowl and spring migrants, especially warblers, are popular sightings along this trail during migration seasons. Interpretive signage enriches the experience by providing insights into the ecological and historical importance of native plants like wild rice and sweetgrass.",,L1477797,"UW Madison Arboretum--HoNeeUm, Dane, Wisconsin, United States - eBird Hotspot",198,No,No,,mi,0.6,out and back,Plenty of parking spaces in the lot near Wingra Boats or along the street in the neighborhood. Be mindful to check signage about parking. Van-accesible parking in lot. Curb cuts are present. ,No bathrooms available.,No ramps are present.,The trail terrain is very challenging and rotates between packed and loose/muddy dirt (70%) and wooden boardwalk (20%),"Path relatively flat, but the uneven nature of the roots and dirt make the path very unlevel.","Trial is very narrow in sections. There is not space to pass others on the trail, especially the boardwalk (frequently people must step down off the planks to allow another to pass).","There are areas where a person might cross stepping stones over a body of moving water (8 steps). Also, one must step up and step down to access the narrow boardwalk trail","There are a couple benches throughout, especially in areas with views of the water. However, there are not particularly frequent.",No known obstacles or obstructions are present.,No railings or barriers are present.,No features available for visitors who are blind or have low vision.,Wooded sections of the trial have varying levels of coverage due to trees .,"Generally a quiet, tucked away spot.",No bird blind present.,No maintenance information is available.,"Ticks are a concern in this area, bug repellent is recommended as this trail can be quite overgrown and wooded.",
19,"UW Arboretum, Spring Trail Pond",-89.43444131,43.05322977,"Found along Manitou Way and adjacent to the viburnum and arborvitae collection, the Spring Trail Pond area carries a rich history and an evolving natural landscape. Originally designed by G. William Longenecker in the 1930s, the area fell into disrepair over the decades, becoming overgrown with invasive species like buckthorn and Asian honeysuckle. However, recent restoration efforts by garden staff and dedicated volunteers have revitalized the space. During the winter, invasive brush and dead trees were cleared, revealing a historic stone wall and staircase constructed by the Civilian Conservation Corps in the 1930s. The spring-fed pond remains partially open in winter, making it a great birding location during the colder months. Visitors often spot winter birds attracted by birdseed spread by others, offering a unique and close-up birdwatching experience. Come spring, the area bursts to life with a variety of bird species migrating through the area.",,L2565737,"UW Madison Arboretum--Spring Trail Pond, Dane, Wisconsin, United States - eBird Hotspot",166,No,No,,mi,0.6,out and back,Small parking lot maintained by UWï¿½Madison.,No bathrooms available.,No ramps are present.,"The trail from the lot includes a small amount of paved asphalt sidewalk, but closer to the water is primarily grass or packed dirt. Some roots are present in the packed dirt and grassy sections.","Trail sloped is less than 5% gradient from parking and into the location, but some paths are steeper as they go towards the spring.","The small asphalt section between the parking and area would allow for a mobility device, and so is the initial section that opens out down to the birding area. Some sections of trail are narrow and overgrown near the spring.","The entrances from Monroe St are rock stairs. The area down to the spring includes some buried rounded logs intended to be step-like, and the spring itself has rock stepping stones to get to the other side.","There are two benches in the grassy area around the side of the spring that overlook the water. Since this area includes no paved section, there is no paving connecting to the benches.",No known obstacles or obstructions are present.,No railings or barriers are present.,No features available for visitors who are blind or have low vision.,"There is shade near the lot under the big trees and the area leading to the spring, but much of the area is open in full sun",Traffic noise from nearby roads is present.,No bird blind present.,No maintenance information is available.,"This area is well used and does not feel deserted. Ticks are a concern in this area, repellenet is reccomended.",
20,"Wingspan Pavilion and South Pond Overlook, Madison Audubon's Goose Pond Sanctuary",-89.36600834,43.31633808,"Located just a mile south of Arlington and 20 minutes north of Madison, the Goose Pond Sanctuary is a prairie pothole and wetland haven, celebrated for its breathtaking wildlife and natural beauty. Managed by the Southern Wisconsin Bird Alliance (formerly Madison Audubon), this sanctuary offers a landscape restored to its native prairie and wetland ecosystems. Over 270 bird species have been recorded here. The Wingspan Pavilion, completed in 2017, stands as a tribute to land managers Mark Martin and Sue Foote-Martin, who have dedicated nearly four decades to restoring Goose Pond's prairies and wetlands. This artfully designed structure features wooden seating, metal sunshades, and bird-inspired artwork, providing a space for visitors to enjoy panoramic views of Goose Pond and the surrounding Bicentennial Prairie. Goose Pond is an essential stop during migration, hosting waterfowl and shorebirds that rely on its abundant resources. Year-round, the sanctuary is home to diverse wildlife, including grassland birds, raptors, and songbirds. Restoration efforts by staff and volunteers since the first 60-acre purchase in 1969 have expanded Goose Pond to over 660 acres of flourishing habitat.",,L209446,"Goose Pond, Columbia, Wisconsin, United States - eBird Hotspot",236,,,,mi,0.6,overlook,Van-accessible parking available. ,No bathrooms available.,No ramps are present.,Path is well-packed crushed stone,No slope information available.,No trail width or pullout information available.,No steps are present.,Benches present roughly every 1/8 mile.,No known obstacles or obstructions are present.,No railings or barriers are present.,No features available for visitors who are blind or have low vision.,No information on shade is available.,No information on noise is available.,No bird blind present.,No maintenance information is available.,No safety information is available.,
21,Schoenberg Marsh Waterfowl Production Area,-89.30736364,43.33948215,"Schoenberg Marsh Waterfowl Production Area, located near Arlington, Wisconsin, offers a peaceful out-and-back trail ideal for birding and walking. This easy, paved route takes around 19 minutes to complete and is well-suited for visitors seeking a quiet and accessible nature experience. The trail features a viewing deck at its endpoint, equipped with scopes for your bird viewing pleasure, providing a perfect opportunity to spot a variety of waterfowl and other bird species that frequent the marsh. Open from February through November, Schoenberg Marsh is a serene destination for birding enthusiasts, especially during migration seasons. The accessibility of the trail makes it a welcoming choice for visitors using wheelchairs, strollers, or mobility equipment. While dogs are not permitted, this restriction ensures a peaceful environment for both wildlife and visitors.",,L198102,"Schoeneberg Marsh, Columbia, Wisconsin, United States - eBird Hotspot",218,,,,mi,1,out and back,Parking available.,No bathrooms available.,"Ramps present. Ramps a re steeping than 1:12, but not so steep it feels like an effort to use.",Path is asphalt and concrete.,No slope information available.,No trail width or pullout information available.,No steps are present.,Benches are present but not frequent. ,No known obstacles or obstructions are present.,No railings or barriers are present.,No features available for visitors who are blind or have low vision.,No information on shade is available.,No information on noise is available.,No bird blind present.,No maintenance information is available.,No safety information is available.,
22,Schoenberg Marsh,-89.30767543,43.33959202,"Schoenberg Marsh, located near Arlington, Wisconsin, is a standout prairie wetland known for its rich biodiversity and importance as a habitat for rare bird species. Adjacent to the U.S. Fish and Wildlife Service's 720-acre Waterfowl Production Area, the Southern Wisconsin Bird Alliance's 60-acre Erstad Prairie complements the marsh with its two 18-acre wetlands and 42 acres of upland grassland. Schoenberg Marsh is renowned for hosting nesting Yellow-headed Blackbirds and Black Terns, making it one of Wisconsin's premier prairie wetlands. Birders can explore the Fish and Wildlife Service's ADA-accessible trail on Priem Road, which offers easy access for visitors with mobility challenges. Additionally, a Southern Wisconsin Bird Alliance wildlife viewing blind, located past the end of Harvey Road, provides an intimate vantage point for observing the marsh's vibrant birdlife.",,L198102,"Schoeneberg Marsh, Columbia, Wisconsin, United States - eBird Hotspot",218,,,,mi,,,Van-accessible parking available. ,No bathrooms available.,No ramps are present.,Path is asphalt.,No slope information available.,No trail width or pullout information available.,No steps are present.,Benches are present but not frequent. ,No known obstacles or obstructions are present.,"Railings are present but placed to optimize, not obstruct a seated person's line of site",No features available for visitors who are blind or have low vision.,No information on shade is available.,No information on noise is available.,"Southern Wisconsin Bird Alliance wildlife viewing blind, located past the end of Harvey Road",No maintenance information is available.,No safety information is available.,
23,International Crane Foundation,-89.75337624,43.54712935,"Found in the rolling farmlands of southern Wisconsin near Baraboo, the International Crane Foundation is a globally unique destination, being the only place in the world where all 15 species of cranes can be seen. Located just ten minutes from the Wisconsin Dells and the scenic Baraboo Hills, this remarkable facility offers an unparalleled opportunity to learn about the world's cranes and the vital conservation work being done to protect them. The facility also features nature trails winding through the surrounding landscapes, providing opportunities to enjoy native Wisconsin wildlife and natural beauty.",,L424233,"International Crane Foundation, Sauk, Wisconsin, United States - eBird Hotspot",185,,,,mi,1.2,,Van-accessible parking available. ,No bathrooms available.,Ramps are present with perfect slope (1:12).,Path is concrete and loose dirt.,No slope information available.,No trail width or pullout information available.,No steps are present.,Benches present roughly every 1/8 mile.,No known obstacles or obstructions are present.,"Railings are present but placed to optimize, not obstruct a seated person's line of site",No features available for visitors who are blind or have low vision.,No information on shade is available.,No information on noise is available.,No bird blind present.,No maintenance information is available.,No safety information is available.,
24,Lewis Park (Lower Mud Lake Overview Platform),-89.29505955,43.00469819,"Lewis Park's Lower Mud Lake Observation Platform is a premier birding location in Dane County, especially during the winter and early spring when it serves as one of the region's few continuously open-water sites. This unique feature attracts an extraordinary variety and volume of waterfowl. Hundreds of Tundra Swans overwinter here, joined by species such as American Black Duck, Northern Shoveler, Lesser Scaup, Common Goldeneye, and both Common and Hooded Mergansers. Migration seasons bring an even greater spectacle, with thousands of ducks, including Redhead, Canvasback, Ruddy Duck, Northern Pintail, and both Green-winged and Blue-winged Teal, arriving to rest and refuel. American White Pelicans and Forster's Terns are also common during migration, while Least Bitterns make rare summer appearances. Bald Eagles are frequent winter visitors, often seen perched in nearby trees or on the ice, and at least one pair nest in the Marsh Woods area. The Marsh Woods Loop is particularly rewarding during migration, offering birders the chance to spot Willow Flycatchers, Warbling Vireos, and other resident and migratory species when conditions align with favorable winds and midge hatches. ",,L2359195,"Lower Mud Lake--Lewis Park & Marsh Woods, Dane, Wisconsin, United States - eBird Hotspot",180,,,,mi,0.1,overlook,Van-accessible parking available. ,There are bathrooms inside a warming-shelter building.,Ramps present and appear to have mild slope.,Path is asphalt with wooden boardwalk.,No slope information available.,No trail width or pullout information available.,No steps are present.,Benches are present but not frequent. ,No known obstacles or obstructions are present.,No railings or barriers are present.,No features available for visitors who are blind or have low vision.,No information on shade is available.,No information on noise is available.,No bird blind present.,No maintenance information is available.,No safety information is available.,
25,Lower Yahara River Trail Boardwalk,-89.31561146,43.031499,"The Lower Yahara River Trail is a remarkable recreational asset in Dane County, offering scenic and trail connections between Madison, McFarland, and beyond. This birding hotspot a nearly 2.5-mile off-road trail, including North America's longest inland boardwalk bridge constructed solely for non-motorized transportation. This mile-long bridge spans the waters of Lake Waubesa, running parallel to an active railroad corridor. Along the bridge, visitors can enjoy accessible fishing piers, rest stops, and observation areas that provide stunning views of the lake and surrounding area. Tje trail extends another 1.6 miles, featuring a mix of boardwalk and paved sections that traverse Door Creek and skirt the northern shore of Lake Kegonsa. This extension connects Fish Camp County Park to Lake Kegonsa State Park and links to McFarland via a 2-mile on-road route. This trail is a prime spot to observe waterfowl, especially during migration seasons. In the spring and fall, species such as Northern Shovelers, Blue-winged Teal, Green-winged Teal, Canvasbacks, Redheads, and Ruddy Ducks frequent the lake. Common Goldeneye and Hooded Mergansers are regular visitors during the winter months, while Tundra Swans can be seen gathering on the open water.",,L6230647,"Lower Yahara River Trail, Dane, Wisconsin, United States - eBird Hotspot",202,,,,mi,1,,Parking lot at McDaniel Park entrance (southeast corner of boardwalk) with van-accessible parking.,Bathrooms present. Dimensions are unknown.,No ramps are present.,"Boardwalk; after the boardwalk enters into Lake Farm County Park, the trail connects to the asphalt Capital City Trail (bike/pedestrian trail).",No slope information available.,There are also (2) pullout sections with lower railings towards the northwest end of the boardwalk.,No steps are present.,Benches are present but not frequent. ,No known obstacles or obstructions are present.,"Railings are present but placed to optimize, not obstruct a seated person's line of site",No features available for visitors who are blind or have low vision.,No information on shade is available.,No information on noise is available.,No bird blind present.,No maintenance information is available.,No safety information is available.,
26,Horicon Marsh Wildlife Area,-88.60093,43.47442,"Spanning an impressive 33,000 acres, Horicon Marsh is one of the largest freshwater wetlands in the United States and a premier destination for bird enthusiasts. This wetland, once drained for farming, underwent extensive restoration efforts and was designated a Wetland of International Importance in the 1990s. Today, it is co-managed by the Wisconsin DNR and the US Fish and Wildlife Service. Horicon Marsh is renowned for its incredible birding opportunities, particularly during spring and fall migration. During these times, hundreds of thousands of ducks pass through, including Mallards, Green-winged Teal, Northern Pintail, Gadwall, and more. The marsh is also a vital stopover for tens of thousands of Canada Geese and Sandhill Cranes, creating a spectacular display of birdlife.",,USFWS_705,Horicon National Wildlife Refuge - eBird,303,yes,,,mi,0.25,,Parking available.,No bathrooms available.,No ramps are present.,Path is hard-packed soil and well-packed crushed stone. Part of the trail includes a wood boardwalk over the marsh.,Trail slopes are no steeper than a ratio of 1:20 (5% gradient).,No trail width or pullout information available.,No steps are present.,No benches are available.,No known obstacles or obstructions are present.,No railings or barriers are present.,No features available for visitors who are blind or have low vision.,Shade is variable.,No information on noise is available.,No bird blind present.,No maintenance information is available.,No safety information is available.,
27,"Causeway, Madison Audubon's Goose Pond Sanctuary",-89.36276262,43.31944713,"Located just one mile south of Arlington and a short 20-minute drive from Madison, The Causeway at Goose Pond Sanctuary offers a convenient and serene spot to observe the wealth of birdlife that makes this prairie pothole wetland a renowned destination for birders. Birders visiting the Causeway can enjoy spectacular views of Goose Pond and its surrounding prairie from the comfort of their vehicles or the parking area. This location is especially popular during spring and fall migration, when the pond teems with activity. Migrating waterfowl, including Canvasback, Redhead, Northern Pintail, and Green-winged Teal, are a common sight, along with shorebirds and even Sandhill Cranes. Throughout the year, Goose Pond Sanctuary remains a haven for a variety of bird species. Raptors like Bald Eagles and Northern Harriers are frequently seen overhead, while the prairie and wetland habitats support grassland birds such as Bobolinks and Eastern Meadowlarks.",,L209446,"Goose Pond, Columbia, Wisconsin, United States - eBird Hotspot",236,,,,mi,0,,Gravel parking lot.,No bathrooms available.,No ramps are present.,Paved road.,No slope information available.,No trail width or pullout information available.,No steps are present.,No benches are available.,No known obstacles or obstructions are present.,No railings or barriers are present.,No features available for visitors who are blind or have low vision.,No information on shade is available.,No information on noise is available.,No bird blind present.,No maintenance information is available.,No safety information is available.,
28,Jenni & Kyle Preserve,-89.40007625,43.02633187,"Created in 1989 through a donation by Harvey and Patricia Wilmeth in memory of their grandchildren, Jenni and Kyle, the preserve stands as a testament to accessibility designed specifically to serve children and persons with disabilities. Spanning 160 acres, this park offers an inclusive outdoor experience with thoughtfully designed amenities such as accessible fishing piers, picnic areas, trails, wheelchair swings, and a shelter building. At the heart of the park are two spring-fed ponds stocked with trout and panfish, providing a serene and enjoyable fishing experience. The park operates with a special rule: fishing is reserved exclusively for children aged 14 and under and for individuals with permanent disabilities, ensuring an opportunity to enjoy the sport in a safe and welcoming environment.",,L1769382,"Jenni and Kyle Preserve, Dane, Wisconsin, United States - eBird Hotspot",135,,,,mi,0.33,,Paved lot with van-accessible parking.,ADA-Accesible Bathrooms. ,Ramps are present with perfect slope (1:12).,Asphalt trail surface.,No slope information available.,No trail width or pullout information available.,No steps are present.,Benches present roughly every 1/8 mile.,No known obstacles or obstructions are present.,"Railings are present but placed to optimize, not obstruct a seated person's line of site",No features available for visitors who are blind or have low vision.,Trail is somewhat shaded.,No information on noise is available.,No bird blind present.,No maintenance information is available.,No safety information is available.,
29,Governor's Island,-89.40041809,43.12592709,"Nestled behind the Mendota Mental Health Institute, Governor's Island offers some of the most breathtaking views of Madison and Lake Mendota. Once a true island, it is now connected to the mainland by a cinder road, aptly named Cinder Lane. Though small in size, the islandï¿½s natural beauty makes it a hidden gem for those seeking a quiet escape to nature. A short, flat trail runs the perimeter of the island, making it accessible for visitors of all abilities. The southern tip of the island features a bluff with an unobstructed view of Madisonï¿½s Capitol building, while the western bay is a popular summer hotspot for anchored boats and swimmers thanks to its shallow, sandy waters. Governor's Island is also a great destination for birders. The island is a reliable stopover for migratory birds, particularly neotropical songbirds like American redstarts and warbling vireos. Waterfowl can often be seen on the lake, and the island is home to nesting bank swallows.",,L357270,"Governor's Island, Dane, Wisconsin, United States - eBird Hotspot",202,No,No,,mi,1.2,loop,The parking lot is unmarked gravel. No spots are designated at all. The lot is a bit bumpy.,No bathrooms available.,No ramps are present.,"The majority of the trail is very smooth and flat wih well-packed crushed stone, but there are a few places, especially on the east side of the loop, that are a bit rutted or bumpy.","There is an offshoot with a steep trail that goes down to the water, but the main loops is pretty much flat.","Most of the main loop of the trail is 60"" or wider, but at one point it narrows below 3ft in width and has a cross-slope that might make it hard to pass for some people. There are many trails that are offshoots of the main trail which are narrow or rutted and bumpy, but the main trail is generally smooth and wide.",No steps are present.,No benches are available.,"The gate to the trail is always closed. There are gaps around both sides of the gate. The gap around the right side of the gate when entering the trail is wider at 35"", but it has some shrubs that overlap it.",No railings or barriers are present.,No features available for visitors who are blind or have low vision.,"The canopy is dense and pretty much closed in the summer, making the trail quite shaded. It wouldn't be as shaded in the winter.","There is an area on the west side of the island where boaters sometimes gather to anchor and walk around on the sand bar and play loud music, but I don't think it happens that often. Motorboats sometimes speed by the island and can be a bit loud. It seems like some people use the parking lot to relax or socialize a bit.",No bird blind present.,The east side of the loop has overhanging vegetation that is less than 7ft above the trail. It's unclear how often the trail is maintained.,"Dogs off leash there on occasion against park policy. Empty beer cases and cans found in the woods near the parking lot, so it's possible that people are drinking in the area. It's not super well used, to the point where someone might feel uncomfortable going there alone.","The Jenni and Kyle Preserve is a unique park that is intended to serve children and persons with disabilities, and provides accessible fishing and picnic areas, trails, wheelchair swings and a shelter building around two spring-fed ponds containing trout and panfish."
30,Graber Pond,-89.50436349,43.1218997,"Located on the northern edge of the city, Graber Pond Conservancy is a 33-acre natural area that offers a rich habitat for wildlife. Its unique bowl-shaped topography creates a gradient of vegetation, starting with oak and hickory woodlands at higher elevations, transitioning to cherry trees and towering cottonwoods on the steep slopes, and ending with reed canary grass along the pond's edges. The pond is a home for waterfowl, including wood ducks, mallards, blue-winged teal, Canada geese, great blue herons, and green herons. During migration seasons, the area becomes a hotspot for shorebirds, flycatchers, and warblers, while summer brings swallows, blackbirds, finches, cranes, and more. Graber Pond features a concise trail with scenic prairie, wetland, pond, and wooded sections. The paved shared-use path on the north side, adjacent to a residential development, provides views of the pond and will eventually connect to the U.S. Highway 12 Trail. On-street parking is available on Caneel Trail and Graber Road, making it easily accessible for visitors.",,L2777967,"Graber Pond, Middleton, Dane, Wisconsin, United States - eBird Hotspot",182,No,No,,mi,1.5,out and back,"No parking lot, but street parking is available on each side of the trail: in the neighborhood on Misty Valley Dr and on Graber Rd. Curb cuts are present on each side as well.",No bathrooms available.,"There is a ramp present that connects the boardwalk to a small pier-like platform that extends into the pond. The ramp is shorter and steeper, has handrails, and at the platform there is a bench.","On either end of the boardwalk are paved asphalt pathways. The boardwalk is wooden, has some raised planks or holes at times but is generally well maintained with planks being replaced with some frequency. There is no railing along the boardwalk and there is a raised, two-inch-tall wooden barrier along the sides. Please note: During years with excess rainfall, the boardwalk may be underwater at its lowest points","The trail (paved sections and wooden boardwalk) is at least 60"" wide throughout.",No trail width or pullout information available.,No steps are present.,"There are three benched throughout the trail. The first is at the start of the boardwalk when coming from the Misty Valley Dr side, and is narrow without an armrest (see photos). The second is off of the boardwalk and down a slight ramp, which contains armrests. The third is on the winding path between the wooden boardwalk and Graber Rd and does not have an armrest.",No known obstacles or obstructions are present.,No railings or barriers are present.,No features available for visitors who are blind or have low vision.,The section between Graber Rd and the boardwalk has a slight amount of tree cover during the summer and is partly shaded. The wooden boardwalk and prairie section near Misty Valley Dr are not shaded at all.,"May experience some traffic noise from nearby highway/neighborhood roads during busy times. In my visits here, these noise levels are typically not excessive (able to hear bird and wildlife sounds well).",No bird blind present.,Vegetation adjacent to trail is well maintained.,The proximity to the neighborhood on the Misty Valley Dr side makes this location seemingly popular for folks taking a stroll in the evenings. Ticks are a concern in the area.,